timestamp,status,message
2024-03-16T09:49:00,ok,manual check
2024-03-07T04:38:00,ok,threshold crossed
2024-03-21T05:55:00,ok,heartbeat
2024-03-01T10:44:00,error,recovered
2024-03-12T00:52:00,ok,file rotated
2024-03-15T00:02:00,ok,manual check
2024-03-26T14:40:00,error,recovered
2024-03-14T22:59:00,ok,recovered
2024-03-22T23:07:00,error,heartbeat
2024-03-22T03:19:00,ok,file rotated
2024-03-20T05:32:00,ok,threshold crossed
2024-03-18T05:29:00,warn,recovered
2024-03-14T10:16:00,error,threshold crossed
2024-03-09T21:06:00,ok,file rotated
2024-03-14T16:39:00,ok,file rotated
2024-03-16T11:43:00,warn,heartbeat
2024-03-05T04:13:00,ok,sensor offline
2024-03-06T06:54:00,ok,manual check
2024-03-21T16:58:00,error,heartbeat
2024-03-09T21:44:00,OK,threshold crossed
2024-03-09T15:35:00,error,heartbeat
2024-03-02T12:12:00,error,file rotated
2024-03-19T11:35:00,error,recovered
2024-03-10T15:27:00,warn,manual check
2024-03-24T18:39:00,error,manual check
2024-03-06T03:29:00,ok,sensor offline
2024-03-07T13:26:00,ok,file rotated
2024-03-13T20:36:00,error,manual check
2024-03-09T02:41:00,warn,manual check
2024-03-15T19:20:00,ok,recovered
2024-03-17T22:23:00,ok,threshold crossed
2024-03-06T02:49:00,ok ,threshold crossed
2024-03-05T12:24:00,OK,threshold crossed
2024-03-27T00:48:00,ok,heartbeat
2024-03-26T02:57:00,error,threshold crossed
2024-03-19T20:51:00, ok,threshold crossed
2024-03-22T11:39:00,warn,heartbeat
2024-03-08T14:42:00,error,recovered
2024-03-20T00:28:00,ok,file rotated
2024-03-16T13:06:00,warn,manual check
2024-03-06T20:35:00,ok,sensor offline
2024-03-22T07:53:00,warn,manual check
2024-03-19T02:35:00,ok,threshold crossed
2024-03-13T20:58:00,ok,threshold crossed
2024-03-02T10:47:00,ok,manual check
2024-03-10T14:26:00,ok,manual check
2024-03-10T01:05:00,error,threshold crossed
2024-03-14T01:41:00,ok ,heartbeat
2024-03-17T07:57:00,error,heartbeat
2024-03-16T13:09:00,warn,heartbeat
2024-03-13T00:41:00,ok,sensor offline
2024-03-22T11:31:00,error,file rotated
2024-03-17T23:13:00,warn,threshold crossed
2024-03-05T18:04:00,error,recovered
2024-03-15T12:48:00,ok,manual check
2024-03-01T13:03:00,OK,manual check
2024-03-25T08:16:00,error,threshold crossed
2024-03-03T12:43:00,ok,threshold crossed
2024-03-16T03:17:00,error,threshold crossed
2024-03-23T02:48:00,ok ,manual check
2024-03-01T18:53:00,ok,threshold crossed
2024-03-04T16:38:00,error,manual check
2024-03-02T11:04:00,error,file rotated
2024-03-16T07:54:00,error,recovered
2024-03-27T07:12:00,ok,heartbeat
2024-03-26T13:31:00,warn,recovered
2024-03-11T05:15:00,ok,threshold crossed
2024-03-23T21:56:00,ok,recovered
2024-03-15T15:12:00,warn,threshold crossed
2024-03-12T17:28:00,error,recovered
2024-03-18T13:01:00,warn,sensor offline
2024-03-22T01:02:00,ok,recovered
2024-03-24T07:10:00,ok,heartbeat
2024-03-12T03:08:00,ok ,heartbeat
2024-03-24T16:55:00,ok,recovered
2024-03-16T16:46:00,error,manual check
2024-03-20T21:06:00,warn,manual check
2024-03-10T03:23:00,error,manual check
2024-03-24T13:13:00,ok,recovered
2024-03-14T13:21:00,error,manual check
2024-03-20T17:46:00,warn,file rotated
2024-03-23T18:26:00,ok,recovered
2024-03-13T11:18:00,ok,heartbeat
2024-03-19T19:33:00,ok,manual check
2024-03-21T02:41:00,ok,sensor offline
2024-03-05T11:06:00,warn,manual check
2024-03-09T01:24:00,warn,heartbeat
2024-03-10T05:43:00, ok,file rotated
2024-03-06T02:09:00,OK,recovered
2024-03-09T19:36:00,error,manual check
2024-03-03T04:39:00,ok,sensor offline
2024-03-08T13:55:00,error,heartbeat
2024-03-22T16:42:00,error,sensor offline
2024-03-26T15:27:00,ok ,threshold crossed
2024-03-06T10:41:00,warn,heartbeat
2024-03-23T08:27:00,ok ,threshold crossed
2024-03-24T23:14:00,warn,sensor offline
2024-03-07T17:32:00,warn,recovered
2024-03-15T01:21:00,ok,recovered
2024-03-02T09:51:00,warn,recovered
2024-03-15T09:50:00,OK,threshold crossed
2024-03-22T12:29:00,ok,recovered
2024-03-24T10:53:00,ok,file rotated
2024-03-02T20:58:00,error,heartbeat
2024-03-13T21:24:00,ok,heartbeat
2024-03-22T20:00:00,ok,sensor offline
2024-03-26T04:52:00,error,manual check
2024-03-22T06:12:00,ok ,threshold crossed
2024-03-13T19:22:00,warn,heartbeat
2024-03-21T05:19:00,ok,threshold crossed
2024-03-12T07:08:00,ok,sensor offline
2024-03-18T10:51:00,ok,recovered
2024-03-11T23:55:00,ok,manual check
2024-03-15T08:34:00,ok,sensor offline
2024-03-17T16:34:00, ok,file rotated
2024-03-19T08:30:00,OK,recovered
2024-03-17T22:49:00,ok,recovered
2024-03-23T14:00:00,ok,recovered
2024-03-26T09:07:00,ok,sensor offline
2024-03-10T01:18:00,ok,file rotated
2024-03-14T07:50:00,ok,manual check
2024-03-01T15:24:00,ok ,threshold crossed
2024-03-24T14:19:00,ok,sensor offline
2024-03-24T04:02:00,ok,heartbeat
2024-03-17T09:04:00,ok,heartbeat
2024-03-11T05:03:00,OK,sensor offline
2024-03-07T18:38:00,ok,threshold crossed
2024-03-14T16:22:00,ok,heartbeat
2024-03-17T12:26:00,ok,threshold crossed
2024-03-01T01:17:00,OK,recovered
2024-03-04T12:32:00,ok,sensor offline
2024-03-04T01:03:00,ok,recovered
2024-03-16T03:56:00,ok,heartbeat
2024-03-09T16:20:00,ok,threshold crossed
2024-03-23T19:59:00,ok,recovered
2024-03-21T01:02:00,ok,heartbeat
2024-03-23T14:06:00,ok,file rotated
2024-03-04T11:32:00,ok,recovered
2024-03-17T03:03:00,ok,file rotated
2024-03-22T22:24:00,ok,file rotated
2024-03-09T20:09:00,ok,manual check
2024-03-27T18:50:00,ok ,heartbeat
2024-03-15T21:16:00,error,sensor offline
2024-03-07T02:04:00,warn,threshold crossed
2024-03-16T22:38:00,warn,heartbeat
