timestamp,status,message,detail
2024-02-03T00:06:00,ok,threshold crossed,meta:rotate
2024-02-04T06:47:00,ok,manual check,
2024-02-10T14:15:00,ok,manual check,
2024-02-06T03:03:00,warn,file rotated,meta:update
2024-02-24T22:35:00,ok,recovered,
2024-02-27T21:21:00,ok,sensor offline,meta:update
2024-02-17T12:33:00,error,heartbeat,
2024-02-20T05:53:00,ok,threshold crossed,meta:rotate
2024-02-01T07:49:00,ok,heartbeat,meta:update
2024-02-21T03:04:00,OK,recovered,
2024-02-05T14:09:00,OK,recovered,
2024-02-08T06:11:00,error,sensor offline,
2024-02-25T10:12:00,ok,sensor offline,
2024-02-15T16:21:00,ok,threshold crossed,
2024-02-22T17:26:00,error,manual check,
2024-02-08T05:10:00,ok,sensor offline,meta:update
2024-02-26T08:57:00,OK,manual check,meta:rotate
2024-02-05T06:21:00,warn,manual check,
2024-02-27T14:52:00,ok,threshold crossed,
2024-02-22T03:31:00,ok,file rotated,meta:update
2024-02-19T12:32:00,ok,manual check,meta:update
2024-02-01T21:45:00,OK,threshold crossed,meta:update
2024-02-09T23:43:00,ok,sensor offline,
2024-02-18T08:07:00,ok,heartbeat,meta:update
2024-02-14T08:51:00,error,sensor offline,
2024-02-25T01:32:00,ok,recovered,meta:rotate
2024-02-13T09:39:00,ok,sensor offline,meta:rotate
2024-02-07T23:43:00,error,file rotated,meta:update
2024-02-17T11:47:00,ok,threshold crossed,
2024-02-10T11:10:00,error,manual check,meta:update
2024-02-25T13:53:00,OK,recovered,
2024-02-20T12:33:00,ok,threshold crossed,
2024-02-27T19:06:00,ok ,threshold crossed,meta:update
2024-02-01T02:28:00,ok,manual check,
2024-02-20T11:04:00, ok,sensor offline,
2024-02-12T02:19:00,ok,heartbeat,meta:update
2024-02-05T00:15:00,ok,recovered,meta:update
2024-02-09T09:09:00,ok,manual check,meta:update
2024-02-13T15:19:00,ok,file rotated,
2024-02-25T03:45:00,error,file rotated,meta:update
2024-02-17T04:12:00,error,heartbeat,
2024-02-25T02:36:00,error,heartbeat,meta:update
2024-02-16T18:27:00,ok,sensor offline,
2024-02-19T16:17:00,ok,file rotated,meta:update
2024-02-18T22:39:00,error,recovered,
2024-02-18T08:28:00,ok,manual check,meta:rotate
2024-02-19T09:28:00,error,heartbeat,
2024-02-02T16:56:00,error,heartbeat,
2024-02-24T12:30:00,ok,heartbeat,
2024-02-11T15:51:00,error,manual check,meta:update
2024-02-07T02:47:00,error,recovered,
2024-02-19T19:15:00,error,file rotated,
2024-02-02T13:25:00,ok,recovered,
2024-02-20T09:50:00,ok,manual check,meta:update
2024-02-24T10:17:00,ok,recovered,
2024-02-11T08:18:00,ok,sensor offline,
2024-02-20T09:29:00,ok,manual check,
2024-02-26T02:02:00,error,heartbeat,meta:update
2024-02-24T07:28:00,error,file rotated,
2024-02-06T19:00:00,OK,sensor offline,meta:rotate
2024-02-20T23:37:00,ok,sensor offline,meta:rotate
2024-02-02T18:59:00,ok ,manual check,
2024-02-07T10:10:00,ok,threshold crossed,
2024-02-04T19:15:00,error,heartbeat,meta:update
2024-02-05T23:29:00,ok ,file rotated,meta:rotate
2024-02-07T15:46:00,error,file rotated,meta:update
2024-02-05T00:19:00, ok,file rotated,
2024-02-22T21:40:00,error,manual check,
2024-02-26T20:36:00,ok,heartbeat,
2024-02-22T05:34:00,ok,manual check,
2024-02-06T07:59:00,ok,file rotated,
2024-02-06T15:27:00,ok,recovered,
2024-02-16T20:02:00,error,recovered,
2024-02-17T20:37:00,ok,heartbeat,
2024-02-06T21:18:00,warn,file rotated,
2024-02-20T14:18:00,ok,manual check,
2024-02-02T07:38:00,ok,threshold crossed,meta:update
2024-02-27T07:44:00,ok ,threshold crossed,
2024-02-22T14:11:00,ok,threshold crossed,
2024-02-15T13:06:00,error,recovered,
2024-02-17T04:19:00,error,manual check,
2024-02-10T18:17:00,ok,threshold crossed,
2024-02-25T23:09:00,ok,file rotated,
2024-02-02T05:31:00,ok,file rotated,
2024-02-03T18:36:00,error,threshold crossed,meta:update
2024-02-07T06:26:00,OK,sensor offline,
2024-02-10T00:42:00,ok,threshold crossed,
2024-02-23T06:05:00,error,sensor offline,meta:update
2024-02-06T12:47:00,ok,heartbeat,
2024-02-13T01:18:00,error,heartbeat,meta:update
2024-02-19T18:49:00,warn,file rotated,
2024-02-25T05:01:00,warn,manual check,
2024-02-19T05:19:00,error,recovered,
2024-02-23T21:14:00,ok,manual check,meta:rotate
2024-02-06T02:10:00, ok,file rotated,
2024-02-08T21:49:00,ok,file rotated,
2024-02-17T18:50:00,error,manual check,
2024-02-24T20:48:00,ok,recovered,
2024-02-27T03:06:00, ok,file rotated,meta:rotate
2024-02-05T15:05:00,error,recovered,
2024-02-14T19:01:00,error,file rotated,meta:update
2024-02-25T17:49:00,ok,heartbeat,
2024-02-13T17:16:00,error,sensor offline,meta:update
2024-02-13T11:34:00,error,file rotated,
2024-02-22T06:00:00,error,sensor offline,meta:update
2024-02-05T20:00:00,ok,threshold crossed,
2024-02-04T00:12:00,ok,file rotated,meta:update
2024-02-14T14:16:00,ok,heartbeat,
2024-02-12T06:54:00,ok,recovered,
2024-02-19T22:02:00,ok,heartbeat,meta:update
2024-02-18T03:25:00,ok,sensor offline,
2024-02-03T11:54:00,ok,recovered,meta:update
2024-02-12T16:37:00,ok,heartbeat,
2024-02-15T01:07:00,ok,heartbeat,
2024-02-14T04:34:00,ok ,heartbeat,meta:update
2024-02-10T06:10:00,ok,manual check,
2024-02-15T01:36:00,ok,recovered,
2024-02-11T07:12:00,ok,heartbeat,meta:rotate
2024-02-11T16:14:00,OK,heartbeat,
2024-02-01T18:15:00,ok ,sensor offline,
2024-02-19T12:54:00,ok,heartbeat,
2024-02-22T22:35:00,ok,heartbeat,meta:update
2024-02-11T17:49:00, ok,threshold crossed,meta:rotate
2024-02-10T16:29:00,ok,recovered,meta:rotate
2024-02-13T13:29:00,ok,threshold crossed,
2024-02-07T09:34:00,ok,manual check,
2024-02-02T18:38:00,ok,sensor offline,
2024-02-05T02:24:00, ok,threshold crossed,
2024-02-02T22:57:00,ok,manual check,
2024-02-22T05:13:00,ok ,file rotated,
2024-02-07T21:01:00, ok,recovered,meta:update
2024-02-11T20:02:00,OK,heartbeat,meta:update
2024-02-09T07:25:00,ok,threshold crossed,
2024-02-11T17:00:00,ok,threshold crossed,meta:rotate
2024-02-15T03:03:00,ok,heartbeat,meta:rotate
2024-02-10T10:49:00,ok,heartbeat,
2024-02-23T14:02:00,OK,sensor offline,
2024-02-07T06:16:00,ok,threshold crossed,
2024-02-22T19:26:00,ok ,threshold crossed,
2024-02-24T15:15:00,ok,file rotated,
2024-02-08T02:51:00,error,manual check,
2024-02-15T00:41:00,warn,file rotated,meta:rotate
2024-02-02T06:45:00,ok,threshold crossed,
2024-02-16T14:06:00,ok,file rotated,
2024-02-13T09:08:00,ok,threshold crossed,
2024-02-09T05:55:00,ok,recovered,
2024-02-25T11:29:00,ok,sensor offline,
2024-02-23T19:19:00,ok,file rotated,
2024-02-22T13:26:00,ok,threshold crossed,meta:rotate
2024-02-20T06:39:00, ok,file rotated,
2024-02-08T07:01:00,ok,manual check,meta:update
2024-02-14T09:49:00,ok,sensor offline,
2024-02-18T17:15:00,ok,recovered,
2024-02-20T04:51:00,ok,heartbeat,
2024-02-05T19:22:00,ok,heartbeat,meta:update
2024-02-10T16:12:00,ok ,file rotated,meta:update
2024-02-17T17:12:00,ok,threshold crossed,
