timestamp,status,message
2024-07-09T12:31:00,ok,heartbeat
2024-07-09T13:36:00,ok,manual check
2024-07-02T06:47:00,ok,heartbeat
2024-07-11T10:22:00,ok,sensor offline
2024-07-12T12:07:00,OK,sensor offline
2024-07-24T15:20:00,OK,sensor offline
2024-07-01T12:10:00,OK,manual check
2024-07-04T03:14:00,ok,recovered
2024-07-27T02:55:00,OK,manual check
2024-07-19T20:01:00,ok,recovered
2024-07-06T21:23:00,ok ,manual check
2024-07-08T16:04:00,ok ,file rotated
2024-07-02T11:04:00,error,recovered
2024-07-10T08:19:00,error,threshold crossed
2024-07-08T00:55:00,ok,threshold crossed
2024-07-06T23:53:00,ok,sensor offline
2024-07-11T02:30:00,warn,manual check
2024-07-15T10:55:00,ok,heartbeat
2024-07-05T15:52:00,ok,sensor offline
2024-07-07T05:08:00,warn,heartbeat
2024-07-07T02:42:00,OK,manual check
2024-07-27T11:52:00,ok,sensor offline
2024-07-25T10:28:00,ok,sensor offline
2024-07-26T01:32:00,ok,threshold crossed
2024-07-27T23:55:00,error,heartbeat
2024-07-02T13:12:00,ok,file rotated
2024-07-24T04:33:00,ok ,file rotated
2024-07-23T22:18:00,error,sensor offline
2024-07-17T10:15:00,ok,manual check
2024-07-20T17:51:00,ok,sensor offline
2024-07-08T01:48:00,ok,threshold crossed
2024-07-11T13:47:00,ok ,heartbeat
2024-07-15T14:34:00,ok,sensor offline
2024-07-26T06:28:00,warn,manual check
2024-07-12T21:21:00,ok,file rotated
2024-07-23T23:34:00,ok,heartbeat
2024-07-19T09:07:00,ok ,sensor offline
2024-07-16T15:11:00,ok,heartbeat
2024-07-23T04:31:00,error,threshold crossed
2024-07-20T05:56:00,ok,file rotated
2024-07-06T07:16:00,error,manual check
2024-07-12T21:13:00,warn,heartbeat
2024-07-02T18:05:00,warn,file rotated
2024-07-18T03:53:00,ok,sensor offline
2024-07-05T05:14:00,ok,manual check
2024-07-06T07:08:00,ok,manual check
2024-07-21T21:05:00,ok,recovered
2024-07-22T01:15:00,OK,heartbeat
2024-07-20T00:29:00,ok,file rotated
2024-07-16T00:00:00,ok,heartbeat
2024-07-07T15:16:00,error,sensor offline
2024-07-16T15:37:00,error,sensor offline
2024-07-18T21:21:00,ok ,manual check
2024-07-27T02:30:00,ok,manual check
2024-07-08T03:54:00,ok,file rotated
2024-07-04T16:53:00,ok,threshold crossed
2024-07-05T13:29:00,ok,heartbeat
2024-07-15T11:26:00,ok,heartbeat
2024-07-13T23:54:00, ok,sensor offline
2024-07-18T13:55:00,ok,heartbeat
2024-07-19T21:25:00,ok,file rotated
2024-07-07T05:04:00,ok,recovered
2024-07-04T17:56:00,ok,manual check
2024-07-14T15:22:00,ok,sensor offline
2024-07-23T19:13:00,ok,manual check
2024-07-05T21:27:00,ok,manual check
2024-07-11T11:17:00,ok,manual check
2024-07-04T12:19:00,ok,recovered
2024-07-13T03:54:00,OK,heartbeat
2024-07-23T06:22:00,ok,threshold crossed
2024-07-02T20:57:00,ok,manual check
2024-07-18T20:59:00,ok ,file rotated
2024-07-06T15:34:00,ok,manual check
2024-07-22T14:52:00,OK,manual check
2024-07-20T09:40:00,warn,heartbeat
2024-07-11T13:23:00,ok,file rotated
2024-07-12T06:42:00,warn,heartbeat
2024-07-17T08:21:00,ok ,manual check
2024-07-23T12:47:00,ok,heartbeat
2024-07-03T04:54:00,warn,heartbeat
2024-07-17T00:52:00,ok,sensor offline
2024-07-09T22:48:00,ok,recovered
2024-07-13T14:31:00,error,threshold crossed
2024-07-21T07:07:00,ok ,recovered
2024-07-02T22:09:00,error,recovered
2024-07-05T15:24:00,ok,file rotated
2024-07-19T00:44:00,ok,sensor offline
2024-07-04T06:32:00,OK,sensor offline
2024-07-02T15:45:00,ok,heartbeat
2024-07-05T13:16:00, ok,recovered
2024-07-12T19:11:00,ok,threshold crossed
2024-07-03T20:20:00,ok,file rotated
2024-07-26T01:52:00,ok,sensor offline
2024-07-25T20:14:00,ok,heartbeat
2024-07-11T09:17:00,error,threshold crossed
2024-07-23T21:54:00,ok,recovered
2024-07-24T20:01:00,error,threshold crossed
2024-07-07T06:23:00,ok,sensor offline
2024-07-07T22:13:00,ok,file rotated
2024-07-25T23:30:00,error,recovered
2024-07-02T01:22:00,ok,file rotated
2024-07-26T14:10:00,OK,manual check
2024-07-10T02:48:00,error,threshold crossed
2024-07-09T14:13:00,OK,threshold crossed
2024-07-19T16:21:00,ok,heartbeat
2024-07-20T16:15:00,warn,recovered
2024-07-20T07:58:00, ok,threshold crossed
2024-07-07T11:32:00,ok,sensor offline
2024-07-26T11:24:00,error,manual check
2024-07-06T15:17:00,ok,sensor offline
2024-07-19T22:02:00,ok,file rotated
2024-07-03T04:34:00,ok,manual check
2024-07-19T04:45:00, ok,manual check
2024-07-21T15:27:00,OK,sensor offline
2024-07-25T00:16:00,ok,threshold crossed
2024-07-11T08:52:00,ok,sensor offline
2024-07-04T01:59:00,ok ,recovered
2024-07-09T21:30:00,ok,file rotated
2024-07-25T04:35:00,ok,manual check
2024-07-23T04:23:00,warn,recovered
2024-07-24T17:44:00,OK,threshold crossed
2024-07-05T23:18:00,ok,threshold crossed
2024-07-23T02:53:00,ok,sensor offline
2024-07-18T05:05:00,ok ,heartbeat
2024-07-24T04:29:00,ok ,manual check
2024-07-01T07:27:00,ok,manual check
2024-07-25T00:52:00,ok,heartbeat
2024-07-06T19:13:00,ok,threshold crossed
2024-07-11T01:52:00,ok,threshold crossed
2024-07-04T12:06:00,error,manual check
2024-07-06T02:08:00,ok,file rotated
2024-07-14T19:10:00,error,manual check
2024-07-05T13:18:00,error,threshold crossed
2024-07-08T06:58:00,error,threshold crossed
2024-07-27T06:55:00,ok ,file rotated
2024-07-23T02:02:00,ok,recovered
2024-07-18T12:32:00,ok,recovered
2024-07-05T03:15:00,error,file rotated
2024-07-15T17:48:00,error,file rotated
2024-07-14T13:18:00,ok,recovered
2024-07-06T12:49:00,warn,recovered
2024-07-26T14:54:00,ok,recovered
