timestamp,status,message
2024-06-03T14:03:00,error,threshold crossed
2024-06-23T20:03:00,ok,sensor offline
2024-06-15T05:54:00,ok,heartbeat
2024-06-27T04:43:00,ok,threshold crossed
2024-06-07T02:38:00,ok,recovered
2024-06-12T14:18:00,warn,threshold crossed
2024-06-06T07:28:00,ok,file rotated
2024-06-06T02:27:00,warn,sensor offline
2024-06-05T08:55:00,ok,heartbeat
2024-06-16T21:15:00,ok,manual check
2024-06-09T17:12:00,ok,recovered
2024-06-11T09:28:00,ok,sensor offline
2024-06-10T05:15:00,ok,recovered
2024-06-25T11:03:00,ok,threshold crossed
2024-06-05T01:18:00,warn,recovered
2024-06-01T03:43:00,ok ,recovered
2024-06-02T11:30:00,ok ,threshold crossed
2024-06-16T01:48:00,ok ,threshold crossed
2024-06-26T01:35:00,ok,sensor offline
2024-06-06T22:38:00,ok,heartbeat
2024-06-23T14:51:00,ok,threshold crossed
2024-06-12T04:45:00,ok,sensor offline
2024-06-16T10:43:00,error,recovered
2024-06-19T16:23:00,warn,recovered
2024-06-26T06:29:00,error,manual check
2024-06-09T13:57:00,warn,file rotated
2024-06-20T11:14:00,ok,threshold crossed
2024-06-12T20:52:00,ok,sensor offline
2024-06-23T12:08:00,ok,manual check
2024-06-24T06:29:00, ok,sensor offline
2024-06-01T09:37:00,ok ,heartbeat
2024-06-26T14:14:00,OK,manual check
2024-06-09T12:22:00,ok,sensor offline
2024-06-01T08:02:00,ok,threshold crossed
2024-06-09T19:24:00,ok,sensor offline
2024-06-15T23:31:00,warn,file rotated
2024-06-07T03:24:00,ok,recovered
2024-06-20T16:53:00,ok,recovered
2024-06-04T18:59:00,ok,manual check
2024-06-05T15:02:00,ok ,sensor offline
2024-06-11T21:46:00,ok,sensor offline
2024-06-19T20:55:00,error,sensor offline
2024-06-14T15:55:00,ok,sensor offline
2024-06-06T04:30:00,ok,file rotated
2024-06-21T16:47:00,ok,threshold crossed
2024-06-02T10:35:00,error,file rotated
2024-06-06T06:48:00,warn,file rotated
2024-06-08T00:56:00,ok,file rotated
2024-06-15T19:43:00,ok,recovered
2024-06-15T22:26:00,error,file rotated
2024-06-22T14:28:00,error,sensor offline
2024-06-09T15:29:00,ok,file rotated
2024-06-02T14:46:00,ok,sensor offline
2024-06-27T06:26:00,error,manual check
2024-06-21T12:54:00,OK,threshold crossed
2024-06-17T10:58:00, ok,recovered
2024-06-10T00:13:00,warn,threshold crossed
2024-06-05T07:32:00,ok,manual check
2024-06-07T01:06:00,error,threshold crossed
2024-06-07T08:53:00,ok,recovered
2024-06-04T22:06:00,error,sensor offline
2024-06-20T17:44:00,OK,manual check
2024-06-11T08:13:00,ok,manual check
2024-06-08T20:13:00,warn,sensor offline
2024-06-21T16:58:00,error,sensor offline
2024-06-25T13:25:00,warn,recovered
2024-06-27T23:04:00,ok,file rotated
2024-06-10T05:27:00,ok,heartbeat
2024-06-10T10:57:00,OK,file rotated
2024-06-24T05:09:00,ok ,file rotated
2024-06-14T19:02:00,ok,threshold crossed
2024-06-07T01:06:00,ok,heartbeat
2024-06-17T12:57:00,ok,sensor offline
2024-06-21T08:44:00,ok,file rotated
2024-06-15T12:16:00,error,recovered
2024-06-08T08:08:00,error,file rotated
2024-06-08T15:51:00,ok ,sensor offline
2024-06-07T16:38:00,error,file rotated
2024-06-06T04:16:00,ok,manual check
2024-06-08T00:15:00,error,threshold crossed
2024-06-17T02:44:00,error,threshold crossed
2024-06-08T15:55:00, ok,file rotated
2024-06-07T20:14:00,ok,threshold crossed
2024-06-24T01:55:00,ok,recovered
2024-06-27T01:09:00,ok,heartbeat
2024-06-05T03:46:00,OK,file rotated
2024-06-13T16:20:00,ok,recovered
2024-06-23T00:49:00,error,manual check
2024-06-15T13:08:00,error,recovered
2024-06-12T04:29:00,ok,recovered
2024-06-23T01:54:00,OK,manual check
2024-06-23T06:52:00,ok ,sensor offline
2024-06-09T17:03:00,OK,file rotated
2024-06-02T23:59:00,ok,file rotated
2024-06-27T00:31:00,ok,file rotated
2024-06-25T11:44:00,ok,heartbeat
2024-06-14T04:26:00,ok,recovered
2024-06-03T03:48:00,OK,file rotated
2024-06-19T10:07:00, ok,threshold crossed
2024-06-12T17:49:00,error,sensor offline
2024-06-09T04:52:00,ok,manual check
2024-06-17T12:37:00,ok,manual check
2024-06-24T21:13:00,ok ,heartbeat
2024-06-15T22:45:00,warn,manual check
2024-06-04T17:00:00,ok,sensor offline
2024-06-12T21:40:00,ok,recovered
2024-06-10T20:59:00,error,manual check
2024-06-18T16:18:00,ok,manual check
2024-06-04T15:06:00,ok,threshold crossed
2024-06-09T07:24:00,ok,recovered
2024-06-07T09:07:00,ok,file rotated
2024-06-24T16:11:00,ok,sensor offline
2024-06-14T11:56:00,ok,manual check
2024-06-02T11:26:00,ok,threshold crossed
2024-06-14T06:57:00,error,sensor offline
