timestamp,status,message
2024-04-22T06:59:00,ok,manual check
2024-04-21T05:42:00,ok,file rotated
2024-04-17T18:27:00,ok,sensor offline
2024-04-25T11:20:00,ok,threshold crossed
2024-04-21T23:26:00,error,manual check
2024-04-27T12:49:00,ok,sensor offline
2024-04-07T22:27:00,warn,recovered
2024-04-05T15:21:00,ok,file rotated
2024-04-04T22:32:00,ok,threshold crossed
2024-04-04T02:31:00,error,manual check
2024-04-04T00:11:00,ok,manual check
2024-04-13T01:59:00,warn,file rotated
2024-04-27T08:30:00, ok,file rotated
2024-04-07T12:53:00,ok,heartbeat
2024-04-02T00:49:00,ok,manual check
2024-04-07T17:50:00,ok,sensor offline
2024-04-08T22:11:00,error,file rotated
2024-04-11T08:27:00,ok,file rotated
2024-04-04T06:16:00,error,recovered
2024-04-11T01:22:00,ok,recovered
2024-04-18T21:25:00,OK,recovered
2024-04-12T08:42:00,error,file rotated
2024-04-05T06:28:00,ok,threshold crossed
2024-04-01T23:24:00,ok,sensor offline
2024-04-05T05:44:00,ok,file rotated
2024-04-11T07:19:00,ok,heartbeat
2024-04-02T14:41:00,ok,manual check
2024-04-08T01:20:00,ok,threshold crossed
2024-04-15T05:04:00,ok ,threshold crossed
2024-04-22T21:02:00,ok ,sensor offline
2024-04-11T10:15:00,warn,threshold crossed
2024-04-03T08:34:00,ok,sensor offline
2024-04-19T10:45:00,error,threshold crossed
2024-04-02T06:09:00,ok,manual check
2024-04-10T19:00:00,ok,sensor offline
2024-04-06T20:45:00,ok,recovered
2024-04-27T01:37:00,ok,recovered
2024-04-01T02:35:00,ok,threshold crossed
2024-04-13T02:14:00,ok,threshold crossed
2024-04-13T21:42:00,ok ,sensor offline
2024-04-04T16:04:00,ok,sensor offline
2024-04-21T23:30:00,ok ,manual check
2024-04-08T20:55:00,ok,file rotated
2024-04-10T06:48:00,ok,recovered
2024-04-07T23:18:00,ok,file rotated
2024-04-09T23:33:00,error,file rotated
2024-04-22T19:50:00,ok,heartbeat
2024-04-27T05:09:00,ok,sensor offline
2024-04-13T01:09:00,ok,heartbeat
2024-04-10T04:21:00,ok,heartbeat
2024-04-04T22:33:00,error,file rotated
2024-04-07T17:16:00,ok,heartbeat
2024-04-11T20:49:00,ok,manual check
2024-04-08T11:55:00,warn,sensor offline
2024-04-01T19:24:00,ok,file rotated
2024-04-21T11:58:00,error,sensor offline
2024-04-26T05:34:00,error,manual check
2024-04-05T13:43:00,ok ,threshold crossed
2024-04-13T12:28:00,ok,heartbeat
2024-04-17T23:58:00,OK,file rotated
2024-04-15T05:31:00,ok,recovered
2024-04-12T01:35:00,error,sensor offline
2024-04-20T20:11:00,ok,manual check
2024-04-03T16:37:00,ok,heartbeat
2024-04-24T16:26:00,warn,sensor offline
2024-04-17T10:54:00,ok,manual check
2024-04-07T01:50:00,warn,sensor offline
2024-04-02T21:28:00,warn,threshold crossed
2024-04-13T23:23:00,ok,manual check
2024-04-16T16:42:00,ok,sensor offline
2024-04-09T23:40:00,ok,threshold crossed
2024-04-14T12:24:00, ok,threshold crossed
2024-04-11T11:21:00,ok,threshold crossed
2024-04-03T00:26:00,OK,heartbeat
2024-04-08T18:44:00,error,manual check
2024-04-07T12:25:00,ok ,sensor offline
2024-04-06T02:05:00,error,sensor offline
2024-04-03T12:12:00,error,manual check
2024-04-25T12:00:00,ok,threshold crossed
2024-04-08T04:30:00,ok,sensor offline
2024-04-20T16:08:00,ok,sensor offline
2024-04-13T12:36:00,warn,threshold crossed
2024-04-14T10:24:00,error,recovered
2024-04-26T13:56:00,error,recovered
2024-04-07T23:48:00,error,threshold crossed
2024-04-04T09:41:00,ok,heartbeat
2024-04-15T19:43:00,ok,sensor offline
2024-04-09T02:46:00,ok,sensor offline
2024-04-12T14:25:00,ok,recovered
2024-04-01T14:10:00,error,threshold crossed
2024-04-05T06:11:00,ok,manual check
2024-04-20T05:53:00,error,manual check
2024-04-03T09:57:00,error,heartbeat
2024-04-21T21:29:00,ok,threshold crossed
2024-04-04T12:50:00,ok,recovered
2024-04-05T22:58:00,ok,recovered
2024-04-22T17:00:00,ok,sensor offline
2024-04-21T20:27:00,error,file rotated
2024-04-16T15:47:00,ok,heartbeat
2024-04-22T18:47:00,warn,heartbeat
2024-04-01T19:51:00,error,file rotated
2024-04-10T01:45:00,ok,manual check
2024-04-08T05:27:00,error,manual check
2024-04-03T15:16:00,error,manual check
2024-04-12T18:23:00,error,recovered
2024-04-20T02:12:00,ok,threshold crossed
2024-04-16T10:19:00,ok,heartbeat
2024-04-27T15:51:00,ok,file rotated
2024-04-02T03:26:00,ok,sensor offline
2024-04-25T03:59:00,error,sensor offline
2024-04-17T00:32:00,error,recovered
2024-04-05T21:11:00,ok ,heartbeat
2024-04-06T05:56:00,ok,threshold crossed
2024-04-17T21:44:00,ok,heartbeat
2024-04-08T23:11:00,error,manual check
2024-04-15T18:28:00,ok,sensor offline
2024-04-21T19:27:00,ok,heartbeat
2024-04-17T08:20:00,ok,sensor offline
2024-04-18T01:10:00,ok,file rotated
2024-04-23T19:48:00,error,file rotated
2024-04-21T17:46:00,ok,sensor offline
2024-04-07T15:56:00,error,threshold crossed
2024-04-01T17:58:00,warn,threshold crossed
2024-04-22T07:06:00,ok,heartbeat
2024-04-25T01:43:00,ok ,sensor offline
2024-04-16T08:51:00,ok,recovered
2024-04-11T14:34:00,ok ,threshold crossed
2024-04-23T20:44:00,ok,threshold crossed
2024-04-21T12:33:00,OK,manual check
2024-04-06T05:43:00,ok,file rotated
2024-04-04T04:54:00,error,threshold crossed
2024-04-08T05:20:00,OK,threshold crossed
2024-04-03T22:07:00,ok,manual check
2024-04-19T20:10:00,ok ,threshold crossed
2024-04-18T09:57:00,ok,manual check
2024-04-20T11:51:00,ok,sensor offline
2024-04-08T18:52:00,OK,sensor offline
2024-04-16T20:17:00,OK,file rotated
2024-04-09T03:40:00,ok,heartbeat
2024-04-25T01:08:00,ok,manual check
2024-04-09T17:10:00,ok ,threshold crossed
2024-04-13T05:08:00,error,heartbeat
2024-04-16T03:33:00,ok,sensor offline
2024-04-07T14:56:00,ok,threshold crossed
2024-04-06T10:31:00, ok,heartbeat
2024-04-27T19:16:00,error,manual check
2024-04-04T18:06:00,ok ,manual check
2024-04-11T12:58:00,ok,heartbeat
2024-04-26T20:27:00,error,manual check
