timestamp,status,message
2024-09-24T03:01:00,OK,sensor offline
2024-09-13T13:48:00,ok,recovered
2024-09-11T02:38:00,ok,sensor offline
2024-09-10T10:09:00,ok,file rotated
2024-09-08T04:22:00,ok,manual check
2024-09-02T14:31:00,ok,threshold crossed
2024-09-16T03:53:00,OK,recovered
2024-09-16T11:59:00,ok,threshold crossed
2024-09-14T11:59:00,error,heartbeat
2024-09-21T15:15:00,ok ,sensor offline
2024-09-22T11:01:00,error,heartbeat
2024-09-23T23:28:00,OK,recovered
2024-09-14T10:08:00,warn,manual check
2024-09-22T06:28:00,error,file rotated
2024-09-12T16:08:00,ok,sensor offline
2024-09-06T11:19:00,ok,heartbeat
2024-09-10T08:11:00,error,manual check
2024-09-01T01:18:00,error,sensor offline
2024-09-01T15:15:00, ok,threshold crossed
2024-09-18T17:22:00,OK,file rotated
2024-09-26T12:53:00,warn,manual check
2024-09-12T08:36:00,ok,sensor offline
2024-09-09T12:47:00,OK,file rotated
2024-09-10T15:45:00,ok ,manual check
2024-09-25T01:30:00,ok,threshold crossed
2024-09-25T18:42:00,ok,threshold crossed
2024-09-19T10:13:00,ok,heartbeat
2024-09-15T06:14:00,error,recovered
2024-09-27T23:54:00,ok,heartbeat
2024-09-25T07:29:00,OK,file rotated
2024-09-04T17:13:00,ok,heartbeat
2024-09-27T20:49:00,ok,manual check
2024-09-04T01:20:00,ok ,sensor offline
2024-09-06T10:32:00,ok,manual check
2024-09-15T11:23:00,ok,heartbeat
2024-09-18T04:10:00,ok,recovered
2024-09-24T20:18:00,OK,manual check
2024-09-22T00:16:00,ok,manual check
2024-09-08T22:15:00,ok,manual check
2024-09-26T10:58:00,ok ,recovered
2024-09-19T23:42:00,ok,manual check
2024-09-15T07:29:00,ok,file rotated
2024-09-14T00:41:00,ok,threshold crossed
2024-09-07T17:11:00,ok,recovered
2024-09-02T17:28:00,ok,file rotated
2024-09-21T06:51:00,OK,recovered
2024-09-27T11:19:00, ok,recovered
2024-09-25T13:09:00,ok,threshold crossed
2024-09-09T22:29:00,error,sensor offline
2024-09-15T19:55:00,ok,file rotated
2024-09-10T18:18:00,OK,recovered
2024-09-12T22:58:00,ok,recovered
2024-09-12T08:58:00,ok,heartbeat
2024-09-20T03:32:00,ok,manual check
2024-09-16T00:12:00,ok,sensor offline
2024-09-03T11:28:00,error,threshold crossed
2024-09-23T08:35:00,OK,file rotated
2024-09-02T21:21:00,ok,recovered
2024-09-09T19:55:00,ok ,manual check
2024-09-13T13:28:00,ok,file rotated
2024-09-03T17:08:00,error,threshold crossed
2024-09-15T21:31:00,ok,sensor offline
2024-09-27T23:26:00,ok,heartbeat
2024-09-10T16:44:00,ok,sensor offline
2024-09-01T10:36:00,ok,heartbeat
2024-09-09T06:06:00,ok,file rotated
2024-09-02T18:19:00,error,sensor offline
2024-09-18T09:24:00,error,sensor offline
2024-09-05T15:28:00,error,sensor offline
2024-09-23T04:14:00,warn,threshold crossed
2024-09-22T15:03:00,ok ,file rotated
2024-09-14T23:48:00,OK,heartbeat
2024-09-17T20:15:00,error,sensor offline
2024-09-26T08:01:00,ok,file rotated
2024-09-11T14:34:00,warn,manual check
2024-09-24T15:52:00,warn,threshold crossed
2024-09-19T21:37:00,ok,threshold crossed
2024-09-14T04:36:00,ok,manual check
2024-09-06T17:21:00,ok ,file rotated
2024-09-18T18:01:00,ok,heartbeat
2024-09-17T00:08:00,ok,file rotated
2024-09-13T03:36:00,ok,file rotated
2024-09-26T22:49:00,ok,recovered
2024-09-27T09:24:00,ok,threshold crossed
2024-09-04T12:12:00,ok,heartbeat
2024-09-17T07:03:00,ok,recovered
2024-09-23T02:10:00,warn,manual check
2024-09-12T08:14:00,ok,file rotated
2024-09-13T04:04:00,ok,manual check
2024-09-19T10:08:00,ok,threshold crossed
2024-09-03T17:26:00,ok,recovered
2024-09-13T11:08:00, ok,recovered
2024-09-10T12:19:00,warn,heartbeat
2024-09-20T12:26:00,ok,file rotated
2024-09-26T21:08:00,ok,heartbeat
2024-09-24T09:18:00,error,recovered
2024-09-06T06:14:00,ok,recovered
2024-09-22T18:45:00,ok,heartbeat
2024-09-16T13:28:00,ok,recovered
2024-09-25T19:33:00, ok,sensor offline
2024-09-09T02:05:00,ok,threshold crossed
2024-09-05T13:46:00,ok,file rotated
2024-09-18T16:08:00,ok,threshold crossed
2024-09-19T22:56:00,ok,file rotated
2024-09-09T15:25:00,OK,recovered
2024-09-06T07:24:00,ok,heartbeat
2024-09-03T21:04:00,ok ,heartbeat
2024-09-07T22:24:00,ok,recovered
2024-09-01T21:52:00,ok,file rotated
2024-09-04T15:58:00,ok,recovered
2024-09-14T00:03:00,error,file rotated
2024-09-10T10:38:00,ok,recovered
