timestamp,status,message,detail
2024-05-18T17:51:00,ok,file rotated,
2024-05-17T03:59:00, ok,recovered,
2024-05-27T21:15:00,ok,sensor offline,
2024-05-22T22:04:00,ok,threshold crossed,
2024-05-09T01:33:00,error,recovered,
2024-05-04T19:19:00,ok,recovered,
2024-05-17T19:27:00,ok,threshold crossed,
2024-05-21T18:02:00,ok,sensor offline,meta:rotate
2024-05-05T09:05:00,error,heartbeat,
2024-05-03T16:41:00,ok,recovered,
2024-05-24T11:00:00,ok,manual check,
2024-05-18T18:53:00,OK,file rotated,
2024-05-20T03:14:00,ok,sensor offline,
2024-05-09T05:43:00,ok ,sensor offline,
2024-05-18T22:46:00,ok,recovered,
2024-05-19T08:21:00,error,manual check,meta:rotate
2024-05-24T12:47:00,ok,threshold crossed,
2024-05-13T00:49:00,error,recovered,
2024-05-22T02:16:00,error,recovered,
2024-05-22T04:24:00,ok ,threshold crossed,
2024-05-06T20:16:00,ok,file rotated,
2024-05-17T00:38:00,ok,threshold crossed,
2024-05-22T15:36:00,error,recovered,
2024-05-16T03:42:00,ok,heartbeat,
2024-05-14T12:26:00,ok,threshold crossed,
2024-05-24T07:52:00,ok ,file rotated,
2024-05-20T14:49:00,ok,threshold crossed,meta:update
2024-05-07T20:50:00, ok,threshold crossed,
2024-05-25T08:10:00,ok,sensor offline,
2024-05-27T09:45:00,error,sensor offline,
2024-05-16T07:32:00,OK,recovered,meta:rotate
2024-05-12T02:33:00,ok,recovered,meta:update
2024-05-16T03:01:00, ok,threshold crossed,
2024-05-12T23:16:00,ok,heartbeat,meta:rotate
2024-05-20T20:29:00,warn,manual check,
2024-05-10T19:07:00,error,recovered,meta:rotate
2024-05-18T17:17:00,ok,threshold crossed,
2024-05-02T11:31:00,ok ,threshold crossed,
2024-05-10T07:50:00,ok,manual check,
2024-05-10T10:13:00,warn,threshold crossed,
2024-05-26T14:29:00,ok,manual check,
2024-05-24T22:41:00,warn,manual check,
2024-05-04T06:10:00,error,threshold crossed,
2024-05-24T21:21:00,ok,threshold crossed,
2024-05-03T04:57:00,error,sensor offline,
2024-05-02T11:20:00,ok,manual check,meta:rotate
2024-05-05T06:03:00,ok,file rotated,meta:update
2024-05-11T21:40:00,ok,manual check,meta:rotate
2024-05-04T21:28:00,ok,file rotated,meta:update
2024-05-09T11:47:00,ok,threshold crossed,
2024-05-01T07:32:00,ok,recovered,
2024-05-20T18:03:00,ok,heartbeat,
2024-05-14T22:28:00,ok,threshold crossed,
2024-05-14T08:08:00,ok,heartbeat,
2024-05-26T16:46:00,error,sensor offline,meta:update
2024-05-10T16:40:00,error,file rotated,
2024-05-04T13:02:00,ok,sensor offline,meta:rotate
2024-05-25T20:11:00,warn,recovered,
2024-05-22T00:00:00,error,recovered,meta:update
2024-05-13T13:47:00,error,manual check,
2024-05-07T09:14:00,ok,threshold crossed,
2024-05-08T10:55:00,ok,manual check,meta:rotate
2024-05-14T12:22:00,warn,recovered,
2024-05-13T08:16:00,warn,recovered,
2024-05-18T18:12:00,ok,manual check,
2024-05-12T20:19:00,ok,sensor offline,
2024-05-20T07:23:00,error,heartbeat,
2024-05-11T06:32:00,error,file rotated,
2024-05-10T14:03:00,warn,recovered,
2024-05-01T10:29:00,ok,manual check,
2024-05-05T18:50:00,ok,recovered,
2024-05-04T01:06:00,ok,sensor offline,meta:update
2024-05-13T19:52:00,ok,file rotated,meta:update
2024-05-12T01:21:00,ok,sensor offline,
2024-05-09T15:39:00,warn,heartbeat,
2024-05-24T17:30:00,ok,sensor offline,
2024-05-04T23:42:00,warn,file rotated,meta:update
2024-05-17T07:18:00,ok,file rotated,meta:update
2024-05-08T05:54:00,ok,recovered,meta:rotate
2024-05-02T14:32:00,ok,heartbeat,
2024-05-06T18:35:00,ok,threshold crossed,
2024-05-13T14:08:00,error,recovered,
2024-05-03T01:15:00,ok,manual check,
2024-05-18T17:37:00,ok,sensor offline,
2024-05-18T10:31:00,ok,sensor offline,
2024-05-07T22:22:00,ok,file rotated,meta:update
2024-05-14T17:06:00,error,manual check,
2024-05-10T07:23:00,ok,file rotated,meta:update
2024-05-14T17:04:00,error,manual check,
2024-05-14T21:56:00,error,file rotated,meta:rotate
2024-05-22T21:09:00,ok,threshold crossed,meta:rotate
2024-05-26T14:37:00,ok,threshold crossed,meta:rotate
2024-05-09T09:54:00,error,recovered,meta:update
2024-05-17T00:13:00,error,threshold crossed,meta:update
2024-05-04T01:34:00,ok,manual check,
2024-05-07T22:45:00,ok,file rotated,
2024-05-12T18:17:00,ok,manual check,
2024-05-15T00:24:00,ok,recovered,meta:update
2024-05-26T02:56:00,ok,recovered,meta:rotate
2024-05-15T03:14:00,ok,heartbeat,
2024-05-10T05:44:00,ok,threshold crossed,
2024-05-07T21:00:00,ok,sensor offline,
2024-05-22T10:45:00,ok,sensor offline,meta:rotate
2024-05-06T04:50:00,warn,heartbeat,
2024-05-26T18:26:00,OK,file rotated,
2024-05-26T12:06:00,ok ,heartbeat,
