timestamp,status,message,detail
2024-08-14T22:34:00,ok,sensor offline,
2024-08-15T00:18:00,ok,file rotated,meta:update
2024-08-25T00:12:00,ok,threshold crossed,
2024-08-08T17:53:00,ok ,sensor offline,
2024-08-03T22:49:00,ok,file rotated,meta:update
2024-08-20T08:37:00,ok,heartbeat,
2024-08-20T01:25:00,error,threshold crossed,
2024-08-25T03:24:00,warn,threshold crossed,
2024-08-18T06:26:00,error,sensor offline,meta:update
2024-08-11T04:07:00,ok,sensor offline,meta:update
2024-08-11T23:29:00,warn,recovered,
2024-08-20T19:14:00,ok,heartbeat,
2024-08-24T02:38:00,ok,heartbeat,meta:update
2024-08-24T07:42:00,OK,manual check,
2024-08-10T19:40:00,error,file rotated,meta:update
2024-08-15T19:23:00,OK,file rotated,
2024-08-22T04:14:00,ok ,recovered,meta:rotate
2024-08-04T04:28:00,OK,manual check,meta:update
2024-08-15T16:54:00,warn,heartbeat,
2024-08-08T18:30:00,OK,file rotated,
2024-08-09T09:36:00,ok,heartbeat,
2024-08-10T21:32:00,ok,heartbeat,
2024-08-25T21:55:00,ok,manual check,
2024-08-04T20:04:00,ok,file rotated,
2024-08-23T06:54:00,error,sensor offline,
2024-08-05T19:07:00,error,sensor offline,
2024-08-17T00:53:00,ok,manual check,meta:update
2024-08-18T11:34:00,ok,file rotated,
2024-08-20T13:47:00,ok,recovered,meta:update
2024-08-18T09:54:00,warn,threshold crossed,
2024-08-15T09:32:00,ok,manual check,
2024-08-19T01:44:00,error,heartbeat,
2024-08-25T15:07:00,OK,manual check,
2024-08-03T20:18:00,ok,threshold crossed,
2024-08-14T10:43:00,ok,manual check,
2024-08-11T10:21:00,ok,file rotated,meta:rotate
2024-08-21T17:41:00,error,heartbeat,
2024-08-16T07:37:00,error,threshold crossed,meta:update
2024-08-19T12:46:00,error,sensor offline,
2024-08-13T00:20:00,error,recovered,
2024-08-27T01:12:00,ok,manual check,
2024-08-02T10:44:00,ok,manual check,meta:update
2024-08-10T22:21:00,warn,threshold crossed,
2024-08-15T00:30:00,warn,recovered,meta:update
2024-08-14T09:17:00,error,manual check,
2024-08-11T06:46:00,OK,sensor offline,
2024-08-03T01:53:00,ok,threshold crossed,
2024-08-08T07:42:00,ok,file rotated,
2024-08-16T01:21:00,error,heartbeat,
2024-08-05T06:19:00,ok ,sensor offline,
2024-08-13T01:31:00,ok,recovered,
2024-08-26T02:40:00,ok,recovered,
2024-08-10T23:12:00,ok,sensor offline,
2024-08-25T20:44:00,ok,file rotated,
2024-08-05T22:06:00,ok,manual check,
2024-08-17T14:29:00, ok,file rotated,
2024-08-05T23:06:00,warn,manual check,meta:update
2024-08-27T01:55:00,warn,manual check,meta:update
2024-08-18T09:32:00,OK,recovered,
2024-08-27T13:58:00,ok,manual check,
2024-08-19T15:50:00, ok,sensor offline,
2024-08-06T11:02:00,ok,manual check,meta:update
2024-08-07T23:34:00,ok ,sensor offline,meta:update
2024-08-25T16:14:00,error,heartbeat,
2024-08-19T18:22:00,ok,recovered,meta:update
2024-08-11T20:51:00,ok,file rotated,
2024-08-02T06:50:00,ok,threshold crossed,
2024-08-07T09:43:00,ok,file rotated,meta:rotate
2024-08-23T17:22:00,ok,file rotated,meta:update
2024-08-06T19:26:00,warn,threshold crossed,meta:update
2024-08-21T07:36:00,error,recovered,
2024-08-03T01:21:00,ok,manual check,
2024-08-06T06:39:00,ok,heartbeat,meta:update
2024-08-04T11:23:00,OK,file rotated,
2024-08-12T16:21:00,ok,manual check,
2024-08-22T18:08:00,ok,file rotated,
2024-08-12T20:30:00,error,recovered,meta:update
2024-08-17T22:09:00,ok,recovered,meta:rotate
2024-08-19T10:19:00,ok,sensor offline,
2024-08-22T23:44:00,ok,recovered,meta:update
2024-08-04T14:11:00,ok,recovered,
2024-08-25T23:57:00,ok,file rotated,
2024-08-10T21:06:00,ok,heartbeat,
2024-08-24T01:31:00,ok,file rotated,
2024-08-21T06:07:00,warn,manual check,meta:update
