timestamp,status,message
2024-01-10T05:40:00,ok,file rotated
2024-01-07T01:10:00,ok,heartbeat
2024-01-14T04:40:00,ok,file rotated
2024-01-07T13:58:00,ok,file rotated
2024-01-16T21:47:00,OK,recovered
2024-01-07T09:20:00,ok,sensor offline
2024-01-06T16:00:00,error,file rotated
2024-01-02T13:35:00,ok,sensor offline
2024-01-27T08:54:00,ok,sensor offline
2024-01-06T16:52:00,warn,recovered
2024-01-11T03:20:00,ok,sensor offline
2024-01-27T08:27:00,ok,manual check
2024-01-16T02:35:00,OK,file rotated
2024-01-24T02:44:00,ok ,sensor offline
2024-01-19T20:57:00,ok,heartbeat
2024-01-01T22:54:00,warn,heartbeat
2024-01-06T21:02:00,error,recovered
2024-01-03T15:41:00,ok,manual check
2024-01-27T16:38:00,error,file rotated
2024-01-13T10:09:00,ok,recovered
2024-01-07T23:37:00,ok,heartbeat
2024-01-24T00:16:00,ok,manual check
2024-01-25T11:35:00,error,file rotated
2024-01-03T05:57:00,ok,sensor offline
2024-01-16T12:27:00,ok,file rotated
2024-01-09T10:51:00,error,threshold crossed
2024-01-25T20:44:00,error,file rotated
2024-01-23T18:02:00,ok ,sensor offline
2024-01-12T18:39:00,ok,threshold crossed
2024-01-14T21:40:00,ok,manual check
2024-01-25T23:16:00,ok,recovered
2024-01-06T03:35:00,error,manual check
2024-01-19T11:56:00,ok,file rotated
2024-01-02T16:29:00,ok ,recovered
2024-01-15T09:34:00,ok,file rotated
2024-01-20T03:53:00,warn,heartbeat
2024-01-01T00:17:00,error,heartbeat
2024-01-04T22:53:00,warn,sensor offline
2024-01-15T22:27:00,ok,manual check
2024-01-21T21:41:00,OK,heartbeat
2024-01-25T16:58:00,ok,threshold crossed
2024-01-25T21:43:00,ok,threshold crossed
2024-01-20T11:15:00,ok,file rotated
2024-01-05T15:16:00,error,recovered
2024-01-23T14:12:00,ok,threshold crossed
2024-01-08T20:01:00,ok ,file rotated
2024-01-08T09:06:00,ok,recovered
2024-01-10T03:42:00,ok,heartbeat
2024-01-09T03:34:00,ok,file rotated
2024-01-11T02:57:00,error,recovered
2024-01-18T18:45:00,ok,sensor offline
2024-01-24T10:23:00,warn,manual check
2024-01-02T01:01:00,ok,manual check
2024-01-10T22:14:00,ok ,sensor offline
2024-01-22T11:42:00,ok,threshold crossed
2024-01-17T17:13:00,ok,manual check
2024-01-17T14:11:00,error,recovered
2024-01-27T15:31:00,warn,sensor offline
2024-01-23T05:33:00,ok,threshold crossed
2024-01-02T15:33:00,warn,file rotated
2024-01-08T06:32:00,ok,file rotated
2024-01-04T10:51:00,error,recovered
2024-01-07T17:03:00,ok,recovered
2024-01-17T10:42:00,ok,recovered
2024-01-20T10:14:00,ok,manual check
2024-01-14T16:33:00,warn,recovered
2024-01-18T15:11:00, ok,sensor offline
2024-01-10T15:34:00,ok,sensor offline
2024-01-08T21:53:00,warn,threshold crossed
2024-01-25T23:01:00,ok,sensor offline
2024-01-22T00:13:00,error,manual check
2024-01-25T03:35:00,ok,file rotated
2024-01-09T02:04:00,OK,threshold crossed
2024-01-01T21:18:00,ok,sensor offline
2024-01-01T09:53:00,ok,recovered
2024-01-12T09:33:00,OK,sensor offline
2024-01-16T07:45:00,error,heartbeat
2024-01-15T15:10:00,OK,threshold crossed
2024-01-12T01:35:00,ok ,manual check
2024-01-03T08:17:00,warn,sensor offline
2024-01-19T06:03:00,ok,sensor offline
2024-01-06T18:32:00,ok,manual check
2024-01-16T10:21:00,error,file rotated
2024-01-04T17:22:00,ok ,recovered
2024-01-26T04:53:00, ok,recovered
2024-01-06T01:11:00,error,file rotated
2024-01-22T08:59:00,OK,file rotated
2024-01-20T11:28:00,error,heartbeat
2024-01-13T21:54:00,ok,manual check
2024-01-17T04:51:00,ok,threshold crossed
2024-01-13T12:41:00,error,recovered
2024-01-15T14:17:00,warn,file rotated
2024-01-18T01:22:00,ok ,file rotated
2024-01-11T12:42:00,ok,manual check
2024-01-04T14:53:00,error,threshold crossed
2024-01-23T10:49:00,warn,file rotated
2024-01-16T09:11:00,OK,heartbeat
2024-01-13T08:58:00,ok,threshold crossed
2024-01-21T12:37:00,OK,heartbeat
2024-01-06T10:50:00,OK,sensor offline
2024-01-27T10:09:00,OK,recovered
2024-01-23T14:44:00,OK,file rotated
2024-01-23T07:36:00,warn,threshold crossed
2024-01-02T15:44:00,ok,heartbeat
2024-01-19T08:46:00,ok,recovered
2024-01-06T07:55:00,OK,recovered
2024-01-14T04:16:00,ok,file rotated
2024-01-22T06:40:00, ok,recovered
2024-01-16T17:27:00,ok,file rotated
2024-01-13T17:41:00,ok,sensor offline
2024-01-01T20:49:00,warn,file rotated
2024-01-19T01:58:00,ok,manual check
2024-01-04T10:02:00,warn,heartbeat
2024-01-09T09:27:00,OK,manual check
2024-01-02T06:46:00,ok,recovered
2024-01-27T18:41:00,ok ,recovered
2024-01-24T19:45:00,ok,recovered
2024-01-04T10:02:00,ok,file rotated
2024-01-23T16:06:00,ok,threshold crossed
2024-01-26T10:17:00,ok,file rotated
2024-01-14T13:05:00,warn,heartbeat
2024-01-09T21:34:00,error,file rotated
2024-01-17T11:35:00,ok,recovered
2024-01-20T15:23:00,OK,sensor offline
2024-01-10T06:09:00,error,heartbeat
