path,size_bytes
data/measurements_2024-01.csv,5037
data/measurements_2024-02.csv,5207
data/measurements_2024-03.csv,7794
data/measurements_2024-04.csv,4754
data/measurements_2024-05.csv,4563
data/measurements_2024-06.csv,7653
data/measurements_2024-07.csv,4470
data/measurements_2024-08.csv,4943
data/measurements_2024-09.csv,6207
data/measurements_2024-10.csv,6053
data/measurements_2024-11.csv,5243
data/measurements_2024-12.csv,7784
logs/2024-01.csv,4623
logs/2024-02.csv,6619
logs/2024-03.csv,5407
logs/2024-04.csv,5626
logs/2024-05.csv,4420
logs/2024-06.csv,4323
logs/2024-07.csv,5264
logs/2024-08.csv,3543
logs/2024-09.csv,4117
