date,sensor_id,temp_c,status,notes
2024-12-26,S007,22.29,WARN,manual check
2024-12-03,S015,7.07,ERROR,recalibrated
2024-12-27,S017,-1.51,,low battery
2024-12-02,S008,8.19,OK,maintenance window
2024-12-16,S002,4.95, Ok,
2024-12-03,S013,3.55,OK,
2024-12-24,S012,-2.42,WARN,
2024-12-15,S005,-1.5,OK,
2024-12-17,S013,3.06,ERROR,low battery
2024-12-16,S006,21.99,error,low battery
2024-12-20,S025,4.88,ok,recalibrated
2024-12-07,S015,-2.42,ERROR,
2024-12-16,S023,-4.19,OK,
2024-12-05,S022,-1.46,OK,
2024-12-02,S021,19.89,ok ,low battery
2024-12-01,S022,-0.72,Error,
2024-12-22,S011,9.73,Error,
2024-12-13,S004,-0.53,WARN,
2024-12-16,S001,4.56,OK,maintenance window
2024-12-05,S015,64.78,WARN ,recalibrated
2024-12-03,S012,-2.1,Error,maintenance window
2024-12-27,S009,-2.66,warn,recalibrated
2024-12-27,S011,15.74,Warn,
2024-12-15,S005,10.35,Ok,
2024-12-16,S024,8.8,warn,
2024-12-11,S007,8.77,OK,manual check
2024-12-25,S008,84.85,OK,low battery
2024-12-19,S001,18.62,OK,
2024-12-18,S025,2.82,ERROR,
2024-12-21,S001,7.09,OK,manual check
2024-12-09,S003,-9.13,Error,
2024-12-08,S008,-4.13,OK,manual check
2024-12-22,S011,74.15,warn,
2024-12-19,S001,12.67,ERROR,
2024-12-22,S014,-17.95,Ok,
2024-12-05,S001,-0.74,OK,manual check
2024-12-17,S006,-21.48,WARN,
2024-12-05,,-4.18,ok,
2024-12-14,S006,-1.45,OK,low battery
2024-12-07,S003,13.55,ok,
2024-12-09,S010,5.65,Warn,
2024-12-28,S012,-4.19,OK,manual check
2024-12-17,S010,11.0,ok,
2024-12-03,S022,2.62,Warn,
2024-12-08,S002,2.77,ok,maintenance window
2024-12-22,S024,-7.15,WARN,recalibrated
2024-12-13,S022,-5.45,error,manual check
2024-12-16,S013,-4.13,OK,manual check
2024-12-21,S016,2.85,OK,
2024-12-10,S013,3.1,Error,
2024-12-18,S004,14.83,OK,
2024-12-03,S004,5.55,warn,maintenance window
2024-12-12,S011,-19.19,warn,
2024-12-16,S023,4.57,error,
2024-12-18,S014,-9.13,OK,maintenance window
2024-12-17,S003,-5.25,ERROR,recalibrated
2024-12-07,S019,-4.02,Error,maintenance window
2024-12-19,S022,68.93,OK,manual check
2024-12-23,S025,-8.53,Warn,
2024-12-28,S001,4.1,OK,low battery
2024-12-23,S005,-8.81,ERROR,
2024-12-08,S017,5.33,OK,
2024-12-17,S001,20.37,OK,recalibrated
2024-12-21,S019,-8.16,,manual check
2024-12-26,S019,0.2,OK,low battery
2024-12-25,S004,-17.71,warn,maintenance window
2024-12-28,S019,0.07,ok,low battery
2024-12-27,S006,-68.9,warn,
2024-12-07,S015,8.24,OK,manual check
2024-12-01,S004,3.09,OK,recalibrated
2024-12-08,S024,9.59,OK,maintenance window
2024-12-19,S001,22.84,Ok,
2024-12-20,S024,16.17,error,
2024-12-20,S017,-1.71,ERROR,low battery
2024-12-10,S011,-9.14,OK,
2024-12-12,S017,-0.78,Ok,manual check
2024-12-24,S023,-5.1,OK,
2024-12-01,S001,6.08,Warn,
2024-12-24,S009,-6.98,OK,recalibrated
2024-12-25,S014,1.89, warn ,
2024-12-25,S015,9.18,ERROR,recalibrated
2024-12-21,S024,1.67, OK ,
2024-12-04,S001,-5.1,ERROR,
2024-12-04,S002,11.87,WARN,
2024-12-09,S018,-12.56,OK,recalibrated
2024-12-15,S018,-0.15,OK,
2024-12-24,S006,2.14,OK,manual check
2024-12-26,S020,2.6,OK,recalibrated
2024-12-15,S008,3.92,OK,manual check
2024-12-26,S001,7.36,error,manual check
2024-12-28,S015,2.19,OK,
2024-12-07,S010,-0.47, WARN,
2024-12-12,S004,-0.79,Warn,manual check
2024-12-03,S010,-2.42,OK,
2024-12-20,S011,8.77,OK,low battery
2024-12-09,S005,-2.7,ok,low battery
2024-12-14,S009,9.25,ok,
2024-12-13,S005,2.63,error,manual check
2024-12-24,S011,-1.7,OK,maintenance window
2024-12-28,S003,7.42,OK,
2024-12-12,S004,-3.35,WARN,recalibrated
2024-12-01,S010,7.58,OK,
2024-12-19,S007,4.18,ERROR,
2024-12-16,S001,-2.3,WARN,low battery
2024-12-12,S006,6.7,warn,manual check
2024-12-10,S008,6.85,OK,manual check
2024-12-02,S017,11.73,OK,maintenance window
2024-12-18,S024,10.2,,recalibrated
2024-12-13,S007,6.4,OK,recalibrated
2024-12-24,S001,-6.55,WARN,manual check
2024-12-06,S009,22.06,OK,manual check
2024-12-12,S011,-8.76,OK,low battery
2024-12-28,S019,10.07,,maintenance window
2024-12-28,S002,5.92,OK,low battery
2024-12-22,S023,-6.92,ERROR,recalibrated
2024-12-04,S011,1.48,OK,
2024-12-01,S003,1.84,OK,low battery
2024-12-11,S017,12.92, ERROR ,recalibrated
2024-12-23,S010,-3.23,ERROR,recalibrated
2024-12-08,S003,0.38,OK,
2024-12-02,S022,-16.21,OK,maintenance window
2024-12-02,S003,16.35,OK,
2024-12-16,S021,-6.09,WARN,
2024-12-01,S025,5.09,OK,manual check
2024-12-04,S007,1.66,,recalibrated
2024-12-06,S002,1.69,ERROR,
2024-12-21,S001,8.95,warn,recalibrated
2024-12-20,S007,15.84,OK,
2024-12-14,S020,4.49,OK,
2024-12-20,S011,7.71,OK,
2024-12-26,S023,5.1,OK,low battery
2024-12-15,S006,10.61,OK,
2024-12-07,S023,-1.23,OK,
2024-12-07,S004,11.08,OK,recalibrated
2024-12-18,S019,11.36,OK,
2024-12-23,S021,11.13,Error,low battery
2024-12-02,S019,-2.81,WARN,low battery
2024-12-20,S014,1.13,OK,low battery
2024-12-15,S003,4.39,error,
2024-12-01,S004,-8.49,OK,
2024-12-21,S008,15.23,OK,manual check
2024-12-17,S018,2.38, OK,
2024-12-20,,4.75,OK,
2024-12-25,S011,-2.14,OK,
2024-12-13,S016,-8.14,Ok,
2024-12-12,S003,-2.36,OK,maintenance window
2024-12-24,S007,4.23,warn,low battery
2024-12-22,S002,7.86,OK,
2024-12-15,S001,3.77,warn,
2024-12-24,S001,5.25,ERROR,maintenance window
2024-12-05,S006,-0.22,Error,
2024-12-07,S019,6.44,ok,recalibrated
2024-12-08,S007,14.34,Warn,
2024-12-23,S024,8.11,,low battery
2024-12-14,S005,8.95,OK,recalibrated
2024-12-04,S021,4.83,ERROR,
2024-12-21,S018,62.57,OK,
2024-12-14,S024,-5.88,error,manual check
2024-12-10,S013,6.11,Ok,maintenance window
2024-12-22,S001,2.39,ok,
2024-12-28,S010,5.99,WARN,manual check
2024-12-16,S009,15.89,OK,
2024-12-11,S017,8.28,ok ,low battery
2024-12-22,S001,12.54,WARN,recalibrated
2024-12-25,S001,3.23,OK,
2024-12-26,S007,-3.98,ok,
2024-12-14,S004,2.01,OK,
2024-12-14,S023,-3.96,OK,manual check
2024-12-02,S021,14.94,OK,
2024-12-22,S012,8.8,Warn,
2024-12-13,S016,6.64,Ok,maintenance window
2024-12-03,S014,12.36,OK,
2024-12-18,S023,-13.69,OK,recalibrated
2024-12-22,S010,7.18,ERROR,
2024-12-04,S014,-8.01, warn,
2024-12-21,S007,2.42,OK,
2024-12-21,S004,-0.02,,manual check
2024-12-19,S002,7.77,error,
2024-12-16,S024,4.3,Warn ,low battery
2024-12-28,S018,13.23,OK,
2024-12-04,S016,-2.34,OK,
2024-12-19,S009,8.15,OK,maintenance window
2024-12-23,S005,3.77,,
2024-12-15,S009,-10.61,ERROR,
2024-12-01,S025,-4.88,Error,
2024-12-16,S008,1.27,ERROR,low battery
2024-12-15,S024,11.37,OK,low battery
2024-12-16,S020,6.18,ok,
2024-12-22,S016,-6.87,OK,
2024-12-20,S020,1.35,ok,recalibrated
2024-12-01,S018,18.62,Warn,maintenance window
2024-12-17,S004,3.36,OK,
2024-12-05,S016,-0.14,Warn,low battery
2024-12-05,S004,6.41,OK,
2024-12-26,S006,8.58,WARN,
2024-12-07,S003,-1.18,ERROR,
2024-12-13,S018,6.49,error,
2024-12-12,S015,-0.16,ERROR,
2024-12-04,S008,8.23,warn,maintenance window
2024-12-25,S018,3.83,OK,
2024-12-04,S024,63.31,ERROR,
2024-12-23,S023,-3.6,ERROR,
2024-12-21,S003,-4.1,ERROR,recalibrated
2024-12-21,S006,10.04,ok,maintenance window
2024-12-06,S022,1.84,Ok,
2024-12-24,S021,4.75,warn,
2024-12-15,S024,0.02,ERROR ,
2024-12-21,S015,9.66,WARN,
2024-12-19,S012,-2.39,Error,
2024-12-06,S005,1.39,OK,
2024-12-12,S007,8.76,error ,recalibrated
2024-12-14,S022,11.86,warn,manual check
2024-12-18,S015,-1.72,ERROR,
2024-12-28,S007,18.15,OK,
2024-12-12,S013,4.98,ok,manual check
2024-12-24,S025,-5.87,,manual check
2024-12-24,S003,5.43,OK,
2024-12-15,S023,-0.59,OK,low battery
2024-12-19,S013,5.95,WARN,
2024-12-28,S003,2.13,WARN,
2024-12-08,S002,3.07, WARN,
2024-12-09,S023,-4.82,,maintenance window
2024-12-05,S004,10.39,ERROR,
2024-12-05,S017,-6.78,OK,maintenance window
2024-12-06,S006,-6.4,Error,
2024-12-23,S011,5.41,OK,
2024-12-03,S006,15.3,OK,recalibrated
2024-12-05,S022,-0.35,error,
2024-12-01,S002,8.08,ok,
2024-12-11,S017,11.06,OK,
2024-12-26,S003,8.99,OK,low battery
2024-12-21,S012,-0.02,error,
2024-12-20,S014,-6.25,OK,
2024-12-01,S002,-15.19,OK,
2024-12-16,S024,4.3,Warn ,low battery
2024-12-14,S020,4.49,OK,
2024-12-24,S001,-6.55,WARN,manual check
